lessonid,name
lesson01-food,Lesson01 Food
lesson02-talking-about-what-you-like,Lesson02 Talking About What You Like
lesson03-travel-and-holidays,Lesson03 Travel and Holidays
lesson04-weather,Lesson04 Weather
lesson05-natural-world,Lesson05 Natural World
lesson06-entertainment,Lesson06 Entertainment
lesson07-shopping,Lesson07 Shopping
lesson08-feelings,Lesson08 Feelings
lesson09-health,Lesson09 Health
lesson10-numbers-and-amounts,Lesson10 Numbers and amounts
lesson11-education,Lesson11 Education
lesson12-signs-and-notices,Lesson12 Signs and notices
lesson13-relationship,Lesson13 Relationship
lesson14-services,Lesson14 Services